<?xml version="1.0" encoding="big5" standalone="no"?>
<GH105122705>
  <GH105122705_row>
    <gh_fiscalyear>105</gh_fiscalyear>
    <gh_accounttype>1</gh_accounttype>
    <gh_importrecno>1</gh_importrecno>
    <gh_accountno>110901</gh_accountno>
    <gh_dcid>2</gh_dcid>
    <gh_seqno>7</gh_seqno>
    <gh_budgetyear>105</gh_budgetyear>
    <gh_budgetsource>10</gh_budgetsource>
    <gh_budgetno>52570301800</gh_budgetno>
    <gh_ordinaryid>1</gh_ordinaryid>
    <gh_subprojectno>13</gh_subprojectno>
    <gh_objectno>0200</gh_objectno>
    <gh_expanlno></gh_expanlno>
    <gh_customeruniversalno></gh_customeruniversalno>
    <gh_customername></gh_customername>
    <gh_deducyear>105</gh_deducyear>
    <gh_deducvoucherno>501270</gh_deducvoucherno>
    <gh_deducseqno></gh_deducseqno>
    <gh_deducamount>100472</gh_deducamount>
  </GH105122705_row>
  <GH105122705_row>
    <gh_fiscalyear>105</gh_fiscalyear>
    <gh_accounttype>1</gh_accounttype>
    <gh_importrecno>2</gh_importrecno>
    <gh_accountno>110901</gh_accountno>
    <gh_dcid>2</gh_dcid>
    <gh_seqno>9</gh_seqno>
    <gh_budgetyear>105</gh_budgetyear>
    <gh_budgetsource>10</gh_budgetsource>
    <gh_budgetno>52570301800</gh_budgetno>
    <gh_ordinaryid>1</gh_ordinaryid>
    <gh_subprojectno>13</gh_subprojectno>
    <gh_objectno>0200</gh_objectno>
    <gh_expanlno></gh_expanlno>
    <gh_customeruniversalno></gh_customeruniversalno>
    <gh_customername></gh_customername>
    <gh_deducyear>105</gh_deducyear>
    <gh_deducvoucherno>501058</gh_deducvoucherno>
    <gh_deducseqno></gh_deducseqno>
    <gh_deducamount>100474</gh_deducamount>
  </GH105122705_row>
  <GH105122705_row>
    <gh_fiscalyear>105</gh_fiscalyear>
    <gh_accounttype>1</gh_accounttype>
    <gh_importrecno>3</gh_importrecno>
    <gh_accountno>110901</gh_accountno>
    <gh_dcid>2</gh_dcid>
    <gh_seqno>11</gh_seqno>
    <gh_budgetyear>105</gh_budgetyear>
    <gh_budgetsource>10</gh_budgetsource>
    <gh_budgetno>52570301800</gh_budgetno>
    <gh_ordinaryid>1</gh_ordinaryid>
    <gh_subprojectno>13</gh_subprojectno>
    <gh_objectno>0200</gh_objectno>
    <gh_expanlno></gh_expanlno>
    <gh_customeruniversalno></gh_customeruniversalno>
    <gh_customername></gh_customername>
    <gh_deducyear>105</gh_deducyear>
    <gh_deducvoucherno>501156</gh_deducvoucherno>
    <gh_deducseqno></gh_deducseqno>
    <gh_deducamount>100509</gh_deducamount>
  </GH105122705_row>
</GH105122705>