<?xml version="1.0" encoding="big5" standalone="no"?>
<GH105121510>
  <GH105121510_row>
    <gh_fiscalyear>105</gh_fiscalyear>
    <gh_accounttype>1</gh_accounttype>
    <gh_importrecno>1</gh_importrecno>
    <gh_accountno>110901</gh_accountno>
    <gh_dcid>2</gh_dcid>
    <gh_seqno>17</gh_seqno>
    <gh_budgetyear>105</gh_budgetyear>
    <gh_budgetsource>10</gh_budgetsource>
    <gh_budgetno>52570301800</gh_budgetno>
    <gh_ordinaryid>1</gh_ordinaryid>
    <gh_subprojectno>01</gh_subprojectno>
    <gh_objectno>0200</gh_objectno>
    <gh_expanlno></gh_expanlno>
    <gh_customeruniversalno></gh_customeruniversalno>
    <gh_customername></gh_customername>
    <gh_deducyear>105</gh_deducyear>
    <gh_deducvoucherno>501224</gh_deducvoucherno>
    <gh_deducseqno></gh_deducseqno>
    <gh_deducamount>14901</gh_deducamount>
  </GH105121510_row>
  <GH105121510_row>
    <gh_fiscalyear>105</gh_fiscalyear>
    <gh_accounttype>1</gh_accounttype>
    <gh_importrecno>1</gh_importrecno>
    <gh_accountno>110901</gh_accountno>
    <gh_dcid>2</gh_dcid>
    <gh_seqno>19</gh_seqno>
    <gh_budgetyear>105</gh_budgetyear>
    <gh_budgetsource>10</gh_budgetsource>
    <gh_budgetno>52570301800</gh_budgetno>
    <gh_ordinaryid>1</gh_ordinaryid>
    <gh_subprojectno>04</gh_subprojectno>
    <gh_objectno>0200</gh_objectno>
    <gh_expanlno></gh_expanlno>
    <gh_customeruniversalno></gh_customeruniversalno>
    <gh_customername></gh_customername>
    <gh_deducyear>105</gh_deducyear>
    <gh_deducvoucherno>501224</gh_deducvoucherno>
    <gh_deducseqno></gh_deducseqno>
    <gh_deducamount>7098</gh_deducamount>
  </GH105121510_row>
  <GH105121510_row>
    <gh_fiscalyear>105</gh_fiscalyear>
    <gh_accounttype>1</gh_accounttype>
    <gh_importrecno>1</gh_importrecno>
    <gh_accountno>110901</gh_accountno>
    <gh_dcid>2</gh_dcid>
    <gh_seqno>21</gh_seqno>
    <gh_budgetyear>105</gh_budgetyear>
    <gh_budgetsource>10</gh_budgetsource>
    <gh_budgetno>52570301800</gh_budgetno>
    <gh_ordinaryid>1</gh_ordinaryid>
    <gh_subprojectno>05</gh_subprojectno>
    <gh_objectno>0200</gh_objectno>
    <gh_expanlno></gh_expanlno>
    <gh_customeruniversalno></gh_customeruniversalno>
    <gh_customername></gh_customername>
    <gh_deducyear>105</gh_deducyear>
    <gh_deducvoucherno>501224</gh_deducvoucherno>
    <gh_deducseqno></gh_deducseqno>
    <gh_deducamount>4610</gh_deducamount>
  </GH105121510_row>
  <GH105121510_row>
    <gh_fiscalyear>105</gh_fiscalyear>
    <gh_accounttype>1</gh_accounttype>
    <gh_importrecno>1</gh_importrecno>
    <gh_accountno>110901</gh_accountno>
    <gh_dcid>2</gh_dcid>
    <gh_seqno>23</gh_seqno>
    <gh_budgetyear>105</gh_budgetyear>
    <gh_budgetsource>10</gh_budgetsource>
    <gh_budgetno>52570301800</gh_budgetno>
    <gh_ordinaryid>1</gh_ordinaryid>
    <gh_subprojectno>08</gh_subprojectno>
    <gh_objectno>0200</gh_objectno>
    <gh_expanlno></gh_expanlno>
    <gh_customeruniversalno></gh_customeruniversalno>
    <gh_customername></gh_customername>
    <gh_deducyear>105</gh_deducyear>
    <gh_deducvoucherno>501224</gh_deducvoucherno>
    <gh_deducseqno></gh_deducseqno>
    <gh_deducamount>7109</gh_deducamount>
  </GH105121510_row>
  <GH105121510_row>
    <gh_fiscalyear>105</gh_fiscalyear>
    <gh_accounttype>1</gh_accounttype>
    <gh_importrecno>1</gh_importrecno>
    <gh_accountno>110901</gh_accountno>
    <gh_dcid>2</gh_dcid>
    <gh_seqno>26</gh_seqno>
    <gh_budgetyear>105</gh_budgetyear>
    <gh_budgetsource>10</gh_budgetsource>
    <gh_budgetno>71570300100</gh_budgetno>
    <gh_ordinaryid>1</gh_ordinaryid>
    <gh_subprojectno>01</gh_subprojectno>
    <gh_objectno>0100</gh_objectno>
    <gh_expanlno></gh_expanlno>
    <gh_customeruniversalno></gh_customeruniversalno>
    <gh_customername></gh_customername>
    <gh_deducyear>105</gh_deducyear>
    <gh_deducvoucherno>501224</gh_deducvoucherno>
    <gh_deducseqno></gh_deducseqno>
    <gh_deducamount>63682</gh_deducamount>
  </GH105121510_row>
  <GH105121510_row>
    <gh_fiscalyear>105</gh_fiscalyear>
    <gh_accounttype>1</gh_accounttype>
    <gh_importrecno>1</gh_importrecno>
    <gh_accountno>110901</gh_accountno>
    <gh_dcid>2</gh_dcid>
    <gh_seqno>29</gh_seqno>
    <gh_budgetyear>105</gh_budgetyear>
    <gh_budgetsource>10</gh_budgetsource>
    <gh_budgetno>71570301000</gh_budgetno>
    <gh_ordinaryid>1</gh_ordinaryid>
    <gh_subprojectno>04</gh_subprojectno>
    <gh_objectno>0200</gh_objectno>
    <gh_expanlno></gh_expanlno>
    <gh_customeruniversalno></gh_customeruniversalno>
    <gh_customername></gh_customername>
    <gh_deducyear>105</gh_deducyear>
    <gh_deducvoucherno>501224</gh_deducvoucherno>
    <gh_deducseqno></gh_deducseqno>
    <gh_deducamount>3876</gh_deducamount>
  </GH105121510_row>
  <GH105121510_row>
    <gh_fiscalyear>105</gh_fiscalyear>
    <gh_accounttype>1</gh_accounttype>
    <gh_importrecno>1</gh_importrecno>
    <gh_accountno>110901</gh_accountno>
    <gh_dcid>2</gh_dcid>
    <gh_seqno>31</gh_seqno>
    <gh_budgetyear>105</gh_budgetyear>
    <gh_budgetsource>10</gh_budgetsource>
    <gh_budgetno>71570301000</gh_budgetno>
    <gh_ordinaryid>1</gh_ordinaryid>
    <gh_subprojectno>08</gh_subprojectno>
    <gh_objectno>0200</gh_objectno>
    <gh_expanlno></gh_expanlno>
    <gh_customeruniversalno></gh_customeruniversalno>
    <gh_customername></gh_customername>
    <gh_deducyear>105</gh_deducyear>
    <gh_deducvoucherno>501224</gh_deducvoucherno>
    <gh_deducseqno></gh_deducseqno>
    <gh_deducamount>18773</gh_deducamount>
  </GH105121510_row>
</GH105121510>