<?xml version="1.0" encoding="big5" standalone="no"?>
<GJ105110102>
  <GJ105110102_row>
    <gj_fiscalyear>105</gj_fiscalyear>
    <gj_accounttype>1</gj_accounttype>
    <gj_importrecno>1</gj_importrecno>
    <gj_takemethod>4</gj_takemethod>
    <gj_takecheckno></gj_takecheckno>
    <gj_voucherusetype></gj_voucherusetype>
    <gj_payremark></gj_payremark>
    <gj_windowname></gj_windowname>
    <gj_windowte></gj_windowte>
  </GJ105110102_row>
  <GJ105110102_row>
    <gj_fiscalyear>105</gj_fiscalyear>
    <gj_accounttype>1</gj_accounttype>
    <gj_importrecno>2</gj_importrecno>
    <gj_takemethod>4</gj_takemethod>
    <gj_takecheckno></gj_takecheckno>
    <gj_voucherusetype></gj_voucherusetype>
    <gj_payremark></gj_payremark>
    <gj_windowname></gj_windowname>
    <gj_windowte></gj_windowte>
  </GJ105110102_row>
</GJ105110102>