<?xml version="1.0" encoding="UTF-8" ?>
<list><ept101><ept101fa>
<fyr>105</fyr>
<age>5730005</age>
<avno>501556</avno>
<mdate>1060112</mdate>
<totamt>10135306</totamt>
<agnm>衛生福利部國民健康署</agnm>
<adrc/>
<adrs>台北市大同區塔城街36號</adrs>
<blk1/>
<blk2>鄭致娟</blk2>
<blk3/>
<emadrs/>
<pusdc>付委請中央健康保險署代辦預防保健服務105年公務預算部分經費</pusdc>
<memo/>
<bfnum>1</bfnum>
<cfnum>1</cfnum>
<dfnum>0</dfnum>
<efnum>0</efnum>
<tel>02-25220925</tel>
<pusdcno>0101</pusdcno>
<idn>52014146</idn>
<area/>
<ffnum>0</ffnum>
</ept101fa><ept101fbs><ept101fb>
<fyr>105</fyr>
<age>5730005</age>
<avno>501556</avno>
<trmk/>
<acc>71573010002</acc>
<sp>00</sp>
<usc1>04</usc1>
<usc2>76</usc2>
<pamt>10135306</pamt>
<racc>5105060</racc>
<accnm>國民健康業務</accnm>
<spnm/>
<usc1nm>獎補助費</usc1nm>
<usc2nm>其他補助及捐助</usc2nm>
<raccnm>其他獎補捐助</raccnm>
<blk/>
</ept101fb>
</ept101fbs><ept101fcs><ept101fc>
<fyr>105</fyr>
<age>5730005</age>
<avno>501556</avno>
<camt>10135306</camt>
<cget>1</cget>
<cgno/>
<spmk/>
<name>衛生福利部中央健康保險署</name>
<nmid>A015</nmid>
<bkno>0040543</bkno>
<bknm>臺灣銀行信義分行</bknm>
<dpno>054004052428</dpno>
<dpnm/>
<etx/>
<adrc/>
<adrs>台北市信義路3段140號</adrs>
<tel1a/>
<tel1b/>
<tel1c/>
<tel2a/>
<tel2b/>
<tel2c/>
<emadrs/>
<invomk/>
<no>001</no>
<creason/>
<blk/>
<repno/>
<cfyr/>
</ept101fc>
</ept101fcs><ept101fds></ept101fds><ept101fes></ept101fes><ept101ffs></ept101ffs></ept101></list>