<?xml version="1.0" encoding="UTF-8" ?>
<list><ept101><ept101fa>
<fyr>105</fyr>
<age>5730005</age>
<avno>501557</avno>
<mdate>1060113</mdate>
<totamt>1510</totamt>
<agnm>衛生福利部國民健康署</agnm>
<adrc/>
<adrs>台北市大同區塔城街36號</adrs>
<blk1/>
<blk2>鄭致娟</blk2>
<blk3/>
<emadrs/>
<pusdc>付財政部國有財產署中區分署105年12月份台中辦公室機電消防安全設備保養維護費用分攤款繳庫</pusdc>
<memo>已存入經費類保管款或代收款帳戶</memo>
<bfnum>1</bfnum>
<cfnum>1</cfnum>
<dfnum>0</dfnum>
<efnum>0</efnum>
<tel>02-25220925</tel>
<pusdcno>0101</pusdcno>
<idn>52014146</idn>
<area/>
<ffnum>1</ffnum>
</ept101fa><ept101fbs><ept101fb>
<fyr>105</fyr>
<age>5730005</age>
<avno>501557</avno>
<trmk/>
<acc>98573002126</acc>
<sp>00</sp>
<usc1/>
<usc2/>
<pamt>1510</pamt>
<racc>2113014</racc>
<accnm>經費類保管款及代收款支出</accnm>
<spnm/>
<usc1nm/>
<usc2nm/>
<raccnm>應付代收款</raccnm>
<blk/>
</ept101fb>
</ept101fbs><ept101fcs><ept101fc>
<fyr>105</fyr>
<age>5730005</age>
<avno>501557</avno>
<camt>1510</camt>
<cget>1</cget>
<cgno/>
<spmk/>
<name>存入國庫存款戶</name>
<nmid>G070</nmid>
<bkno>0000022</bkno>
<bknm>中央銀行國庫局</bknm>
<dpno>0</dpno>
<dpnm/>
<etx/>
<adrc/>
<adrs>台北</adrs>
<tel1a/>
<tel1b/>
<tel1c/>
<tel2a/>
<tel2b/>
<tel2c/>
<emadrs/>
<invomk>1</invomk>
<no>001</no>
<creason/>
<blk/>
<repno/>
<cfyr/>
</ept101fc>
</ept101fcs><ept101fds></ept101fds><ept101fes></ept101fes><ept101ffs><ept101ff>
<fyr>105</fyr>
<age>5730005</age>
<avno>501557</avno>
<no>001</no>
<code>02</code>
<cfyr>105</cfyr>
<repno>182</repno>
<mdate>1060113</mdate>
<acc1/>
<acc2>71573001001</acc2>
<accnm>一般行政</accnm>
<acc3>000</acc3>
<pamt>1510</pamt>
<rage>5730005</rage>
<ragenm>衛生福利部國民健康署</ragenm>
<cage>5730005</cage>
<cagenm>衛生福利部國民健康署</cagenm>
<wage>5730005</wage>
<wagenm>國民健康署</wagenm>
<oavno>600250</oavno>
<totamt>91640</totamt>
<pyymm>10512</pyymm>
<name>衛生福利部國民健康署</name>
<tel>-#</tel>
<reason>財政部國有財產署中區分署-105年12月份機電消防安全設備保養維護費分攤款</reason>
<chno/>
<vno/>
</ept101ff>
</ept101ffs></ept101></list>